{
"Ntot":{
  "title" : "0 mag Total electrons/m2/sec ",
  "val" : 4.47263272e+09 },
"WLdef":{
  "title" : "wavlength points",
  "v00" : 1.10000000e+00,
  "v01" : 1.20000000e+00,
  "v02" : 1.30000000e+00,
  "v03" : 1.40000000e+00,
  "v04" : 1.50000000e+00,
  "v05" : 1.60000000e+00},
"SPR":{
  "title" : "Spectal distribution of input photons",
  "v00" : 2.28576257e+09,
  "v01" : 4.33658661e+09,
  "v02" : 7.05412716e+09,
  "v03" : 1.02331024e+10,
  "v04" : 1.36071024e+10,
  "v05" : 1.69144800e+10}
}
