{
  "title": "Zernike polynomials",
  "N-polys": 33,
  "z001-n": 2,
  "z001-m": 0,
  "z001-a": 0.027999999999999997,
  "z002-n": 2,
  "z002-m": 2,
  "z002-a": 0.009111336519307506,
  "z003-n": 2,
  "z003-m": -2,
  "z003-a": 0.026476093874133574,
  "z004-n": 3,
  "z004-m": 1,
  "z004-a": 0.04279981293085084,
  "z005-n": 3,
  "z005-m": -1,
  "z005-a": 0.0361133772040801,
  "z006-n": 3,
  "z006-m": 3,
  "z006-a": 0.05497651248802193,
  "z007-n": 3,
  "z007-m": -3,
  "z007-a": -0.010657536049874235,
  "z008-n": 4,
  "z008-m": 0,
  "z008-a": 0.027999999999999997,
  "z009-n": 4,
  "z009-m": 2,
  "z009-a": 0.015173724876789568,
  "z010-n": 4,
  "z010-m": -2,
  "z010-a": 0.023532064791758015,
  "z011-n": 4,
  "z011-m": 4,
  "z011-a": 0.010644840948379452,
  "z012-n": 4,
  "z012-m": -4,
  "z012-a": -0.02589763234706416,
  "z013-n": 5,
  "z013-m": 1,
  "z013-a": 0.050826276614826485,
  "z014-n": 5,
  "z014-m": -1,
  "z014-a": -0.023509351447310107,
  "z015-n": 5,
  "z015-m": 3,
  "z015-a": 0.03110234535629415,
  "z016-n": 5,
  "z016-m": -3,
  "z016-a": 0.04656870315284512,
  "z017-n": 5,
  "z017-m": 5,
  "z017-a": 0.0545785915644117,
  "z018-n": 5,
  "z018-m": -5,
  "z018-a": -0.012537038838781956,
  "z019-n": 6,
  "z019-m": 0,
  "z019-a": 0.027999999999999997,
  "z020-n": 6,
  "z020-m": 2,
  "z020-a": 0.024264356157047667,
  "z021-n": 6,
  "z021-m": -2,
  "z021-a": 0.013972867289284003,
  "z022-n": 6,
  "z022-m": 4,
  "z022-a": -0.017585593139229597,
  "z023-n": 6,
  "z023-m": -4,
  "z023-a": 0.02178868775170916,
  "z024-n": 6,
  "z024-m": 6,
  "z024-a": -0.027999650054387204,
  "z025-n": 6,
  "z025-m": -6,
  "z025-a": -0.0001399886847369202,
  "z026-n": 7,
  "z026-m": 1,
  "z026-a": 0.011937169485773221,
  "z027-n": 7,
  "z027-m": -1,
  "z027-a": 0.05471292337892323,
  "z028-n": 7,
  "z028-m": 3,
  "z028-a": -0.020525039121842465,
  "z029-n": 7,
  "z029-m": -3,
  "z029-a": -0.05210300153586966,
  "z030-n": 7,
  "z030-m": 5,
  "z030-a": -0.0036791688620000924,
  "z031-n": 7,
  "z031-m": -5,
  "z031-a": 0.0558790096233361,
  "z032-n": 7,
  "z032-m": 7,
  "z032-a": -0.05599751571144143,
  "z033-n": 7,
  "z033-m": -7,
  "z033-a": -0.0005274790487489673
}