{
"title":"Zernike polynomials",
"N-polys":31,
"z001-n":2,
"z001-m":0,
"z001-a":0.055999999999999994,
"z002-n":2,
"z002-m":2,
"z002-a":-0.02046744875437737,
"z003-n":2,
"z003-m":-2,
"z003-a":0.05212565147302176,
"z004-n":3,
"z004-m":1,
"z004-a":-0.027894648653128698,
"z005-n":3,
"z005-m":-1,
"z005-a":-0.002426638934515208,
"z006-n":3,
"z006-m":3,
"z006-a":0.02729979029403382,
"z007-n":3,
"z007-m":-3,
"z007-a":0.006222656177371261,
"z008-n":4,
"z008-m":0,
"z008-a":0.055999999999999994,
"z009-n":4,
"z009-m":2,
"z009-a":-0.04754534834590613,
"z010-n":4,
"z010-m":-2,
"z010-a":-0.029587832814629067,
"z011-n":4,
"z011-m":4,
"z011-a":0.029039418070117593,
"z012-n":4,
"z012-m":-4,
"z012-a":-0.04788227436274228,
"z013-n":5,
"z013-m":1,
"z013-a":-0.008161262457663217,
"z014-n":5,
"z014-m":-1,
"z014-a":-0.026784207942314384,
"z015-n":5,
"z015-m":3,
"z015-a":-0.0008355738770222294,
"z016-n":5,
"z016-m":-3,
"z016-a":-0.02798752965690323,
"z017-n":5,
"z017-m":5,
"z017-a":0.0029320503213900533,
"z018-n":5,
"z018-m":-5,
"z018-a":-0.027846060419973888,
"z019-n":6,
"z019-m":0,
"z019-a":0.055999999999999994,
"z020-n":6,
"z020-m":2,
"z020-a":0.03364970106350201,
"z021-n":6,
"z021-m":-2,
"z021-a":-0.04476268108968621,
"z022-n":6,
"z022-m":4,
"z022-a":-0.01743257813138424,
"z023-n":6,
"z023-m":-4,
"z023-a":0.05321752737297349,
"z024-n":6,
"z024-m":6,
"z024-a":-0.020052318690383625,
"z025-n":6,
"z025-m":-6,
"z025-a":0.052286752769122036,
"z026-n":7,
"z026-m":1,
"z026-a":-0.027009844827716213,
"z027-n":7,
"z027-m":-1,
"z027-a":-0.0073802630293703965,
"z028-n":7,
"z028-m":3,
"z028-a":-0.02567850761957986,
"z029-n":7,
"z029-m":-3,
"z029-a":0.01116307513327662,
"z030-n":7,
"z030-m":5,
"z030-a":-0.026979046934068975,
"z031-n":7,
"z031-m":-5,
"z031-a":0.007492064236864457,
"z032-n":7,
"z032-m":7,
"z032-a":0.026983281608753552,
"z033-n":7,
"z033-m":-7,
"z033-a":-0.007476798353754252
}
