{
  "title": "Zernike polynomials",
  "N-polys": 33,
  "z001-n": 2,
  "z001-m": 0,
  "z001-a": 0.027999999999999997,
  "z002-n": 2,
  "z002-m": 2,
  "z002-a": -0.0006363267138442438,
  "z003-n": 2,
  "z003-m": -2,
  "z003-a": -0.027992768500333224,
  "z004-n": 3,
  "z004-m": 1,
  "z004-a": 0.0516065524274735,
  "z005-n": 3,
  "z005-m": -1,
  "z005-a": -0.021743131019943476,
  "z006-n": 3,
  "z006-m": 3,
  "z006-a": 0.0327870655622744,
  "z007-n": 3,
  "z007-m": -3,
  "z007-a": -0.045398329614812036,
  "z008-n": 4,
  "z008-m": 0,
  "z008-a": 0.027999999999999997,
  "z009-n": 4,
  "z009-m": 2,
  "z009-a": 0.000982283929980828,
  "z010-n": 4,
  "z010-m": -2,
  "z010-a": 0.02798276466471641,
  "z011-n": 4,
  "z011-m": 4,
  "z011-a": 0.008070766593018744,
  "z012-n": 4,
  "z012-m": -4,
  "z012-a": -0.026811615516432658,
  "z013-n": 5,
  "z013-m": 1,
  "z013-a": 0.0558214530863723,
  "z014-n": 5,
  "z014-m": -1,
  "z014-a": 0.00446826312183336,
  "z015-n": 5,
  "z015-m": 3,
  "z015-a": 0.05265908678896886,
  "z016-n": 5,
  "z016-m": -3,
  "z016-a": -0.019053098922533436,
  "z017-n": 5,
  "z017-m": 5,
  "z017-a": 0.008938686733598855,
  "z018-n": 5,
  "z018-m": -5,
  "z018-a": 0.0552820032151385,
  "z019-n": 6,
  "z019-m": 0,
  "z019-a": 0.027999999999999997,
  "z020-n": 6,
  "z020-m": 2,
  "z020-a": -0.025939355904183843,
  "z021-n": 6,
  "z021-m": -2,
  "z021-a": 0.010542761273787936,
  "z022-n": 6,
  "z022-m": 4,
  "z022-a": -0.012880749158373075,
  "z023-n": 6,
  "z023-m": -4,
  "z023-a": 0.024861341498782222,
  "z024-n": 6,
  "z024-m": 6,
  "z024-a": 0.025255190303971435,
  "z025-n": 6,
  "z025-m": -6,
  "z025-a": -0.012090300356491853,
  "z026-n": 7,
  "z026-m": 1,
  "z026-a": -0.030103009893506675,
  "z027-n": 7,
  "z027-m": -1,
  "z027-a": -0.04722085127728468,
  "z028-n": 7,
  "z028-m": 3,
  "z028-a": -0.044598191141587945,
  "z029-n": 7,
  "z029-m": -3,
  "z029-a": -0.033867408328633386,
  "z030-n": 7,
  "z030-m": 5,
  "z030-a": -0.023813265478084756,
  "z031-n": 7,
  "z031-m": -5,
  "z031-a": 0.05068459714025807,
  "z032-n": 7,
  "z032-m": 7,
  "z032-a": 0.04413325973683914,
  "z033-n": 7,
  "z033-m": -7,
  "z033-a": -0.03447108041533791
}