{
  "title": "Zernike polynomials",
  "N-polys": 33,
  "z001-n": 2,
  "z001-m": 0,
  "z001-a": 0.027999999999999997,
  "z002-n": 2,
  "z002-m": 2,
  "z002-a": 0.027895449080915825,
  "z003-n": 2,
  "z003-m": -2,
  "z003-a": 0.002417420231162192,
  "z004-n": 3,
  "z004-m": 1,
  "z004-a": -0.05422803837048142,
  "z005-n": 3,
  "z005-m": -1,
  "z005-a": -0.013975687979115504,
  "z006-n": 3,
  "z006-m": 3,
  "z006-a": 0.04619701170440472,
  "z007-n": 3,
  "z007-m": -3,
  "z007-a": 0.03165179472925813,
  "z008-n": 4,
  "z008-m": 0,
  "z008-a": 0.027999999999999997,
  "z009-n": 4,
  "z009-m": 2,
  "z009-a": 0.008331582999739044,
  "z010-n": 4,
  "z010-m": -2,
  "z010-a": -0.026731717578907258,
  "z011-n": 4,
  "z011-m": 4,
  "z011-a": -0.027391265548466773,
  "z012-n": 4,
  "z012-m": -4,
  "z012-a": -0.005806769467903561,
  "z013-n": 5,
  "z013-m": 1,
  "z013-a": -0.014298683996713161,
  "z014-n": 5,
  "z014-m": -1,
  "z014-a": 0.05414376820985162,
  "z015-n": 5,
  "z015-m": 3,
  "z015-a": -0.03997728482426793,
  "z016-n": 5,
  "z016-m": -3,
  "z016-a": -0.03921500603186689,
  "z017-n": 5,
  "z017-m": 5,
  "z017-a": -0.017341292248662966,
  "z018-n": 5,
  "z018-m": -5,
  "z018-a": -0.05324734343745668,
  "z019-n": 6,
  "z019-m": 0,
  "z019-a": 0.027999999999999997,
  "z020-n": 6,
  "z020-m": 2,
  "z020-a": 0.011461670413341682,
  "z021-n": 6,
  "z021-m": -2,
  "z021-a": -0.025546626222182994,
  "z022-n": 6,
  "z022-m": 4,
  "z022-a": -0.009384627702903756,
  "z023-n": 6,
  "z023-m": -4,
  "z023-a": -0.026380461763924664,
  "z024-n": 6,
  "z024-m": 6,
  "z024-a": -0.02528646063964446,
  "z025-n": 6,
  "z025-m": -6,
  "z025-a": 0.012024762297846532,
  "z026-n": 7,
  "z026-m": 1,
  "z026-a": -0.048279522809902664,
  "z027-n": 7,
  "z027-m": -1,
  "z027-a": -0.02837406698462678,
  "z028-n": 7,
  "z028-m": 3,
  "z028-a": -0.00042713950493293725,
  "z029-n": 7,
  "z029-m": -3,
  "z029-a": 0.05599837097490716,
  "z030-n": 7,
  "z030-m": 5,
  "z030-a": 0.05460534652711109,
  "z031-n": 7,
  "z031-m": -5,
  "z031-a": -0.012419989156763227,
  "z032-n": 7,
  "z032-m": 7,
  "z032-a": -0.015672850412704994,
  "z033-n": 7,
  "z033-m": -7,
  "z033-a": 0.05376208478045631
}