{
  "title": "Zernike polynomials",
  "N-polys": 33,
  "z001-n": 2,
  "z001-m": 0,
  "z001-a": 0.027999999999999997,
  "z002-n": 2,
  "z002-m": 2,
  "z002-a": -0.019139337563710567,
  "z003-n": 2,
  "z003-m": -2,
  "z003-a": -0.020437361806807098,
  "z004-n": 3,
  "z004-m": 1,
  "z004-a": -0.05310701827580132,
  "z005-n": 3,
  "z005-m": -1,
  "z005-a": 0.0177663898936645,
  "z006-n": 3,
  "z006-m": 3,
  "z006-a": 0.05369285658806015,
  "z007-n": 3,
  "z007-m": -3,
  "z007-a": 0.015908398769643808,
  "z008-n": 4,
  "z008-m": 0,
  "z008-a": 0.027999999999999997,
  "z009-n": 4,
  "z009-m": 2,
  "z009-a": -0.011406405138894321,
  "z010-n": 4,
  "z010-m": -2,
  "z010-a": -0.025571349628195322,
  "z011-n": 4,
  "z011-m": 4,
  "z011-a": -0.023862672885662236,
  "z012-n": 4,
  "z012-m": -4,
  "z012-a": -0.01464830511533263,
  "z013-n": 5,
  "z013-m": 1,
  "z013-a": -0.05338964641735686,
  "z014-n": 5,
  "z014-m": -1,
  "z014-a": 0.016898096207254035,
  "z015-n": 5,
  "z015-m": 3,
  "z015-a": -0.03856129552007134,
  "z016-n": 5,
  "z016-m": -3,
  "z016-a": -0.04060820714847831,
  "z017-n": 5,
  "z017-m": 5,
  "z017-a": 0.05148021331464454,
  "z018-n": 5,
  "z018-m": -5,
  "z018-a": -0.02204059066991387,
  "z019-n": 6,
  "z019-m": 0,
  "z019-a": 0.027999999999999997,
  "z020-n": 6,
  "z020-m": 2,
  "z020-a": 0.0015003062287269713,
  "z021-n": 6,
  "z021-m": -2,
  "z021-a": -0.02795977612964816,
  "z022-n": 6,
  "z022-m": 4,
  "z022-a": 0.02704076838037148,
  "z023-n": 6,
  "z023-m": -4,
  "z023-a": 0.007266143777761469,
  "z024-n": 6,
  "z024-m": 6,
  "z024-a": 0.008007930359511601,
  "z025-n": 6,
  "z025-m": -6,
  "z025-a": -0.02683045007742532,
  "z026-n": 7,
  "z026-m": 1,
  "z026-a": -0.0524750544447863,
  "z027-n": 7,
  "z027-m": -1,
  "z027-a": 0.019554249180592755,
  "z028-n": 7,
  "z028-m": 3,
  "z028-a": 0.03546831656795737,
  "z029-n": 7,
  "z029-m": -3,
  "z029-a": -0.043335880282222954,
  "z030-n": 7,
  "z030-m": 5,
  "z030-a": 0.04931825329786183,
  "z031-n": 7,
  "z031-m": -5,
  "z031-a": -0.026527530824559227,
  "z032-n": 7,
  "z032-m": 7,
  "z032-a": 0.05585986998030931,
  "z033-n": 7,
  "z033-m": -7,
  "z033-a": 0.003959157206140943
}