{
  "title": "Zernike polynomials",
  "N-polys": 33,
  "z001-n": 2,
  "z001-m": 0,
  "z001-a": 0.027999999999999997,
  "z002-n": 2,
  "z002-m": 2,
  "z002-a": -0.026063825160107308,
  "z003-n": 2,
  "z003-m": -2,
  "z003-a": 0.010231178721113086,
  "z004-n": 3,
  "z004-m": 1,
  "z004-a": 0.02014532593944483,
  "z005-n": 3,
  "z005-m": -1,
  "z005-a": 0.05225098891689545,
  "z006-n": 3,
  "z006-m": 3,
  "z006-a": 0.05222862291626735,
  "z007-n": 3,
  "z007-m": -3,
  "z007-a": -0.02020324103381316,
  "z008-n": 4,
  "z008-m": 0,
  "z008-a": 0.027999999999999997,
  "z009-n": 4,
  "z009-m": 2,
  "z009-a": 0.0037931627539822717,
  "z010-n": 4,
  "z010-m": -2,
  "z010-a": -0.027741880187215167,
  "z011-n": 4,
  "z011-m": 4,
  "z011-a": -0.026685218072075925,
  "z012-n": 4,
  "z012-m": -4,
  "z012-a": 0.008479335849331143,
  "z013-n": 5,
  "z013-m": 1,
  "z013-a": -0.03537984938180587,
  "z014-n": 5,
  "z014-m": -1,
  "z014-a": 0.043408135847105095,
  "z015-n": 5,
  "z015-m": 3,
  "z015-a": 0.03326009761486402,
  "z016-n": 5,
  "z016-m": -3,
  "z016-a": -0.04505292339737474,
  "z017-n": 5,
  "z017-m": 5,
  "z017-a": -0.04974753320303033,
  "z018-n": 5,
  "z018-m": -5,
  "z018-a": 0.02571347779304453,
  "z019-n": 6,
  "z019-m": 0,
  "z019-a": 0.027999999999999997,
  "z020-n": 6,
  "z020-m": 2,
  "z020-a": 0.021679141654778643,
  "z021-n": 6,
  "z021-m": -2,
  "z021-a": 0.017720463230740932,
  "z022-n": 6,
  "z022-m": 4,
  "z022-a": 0.02709743555176878,
  "z023-n": 6,
  "z023-m": -4,
  "z023-a": -0.007051878226241379,
  "z024-n": 6,
  "z024-m": 6,
  "z024-a": -0.02236715672563986,
  "z025-n": 6,
  "z025-m": -6,
  "z025-a": 0.016843702087446906,
  "z026-n": 7,
  "z026-m": 1,
  "z026-a": -0.04728608459596434,
  "z027-n": 7,
  "z027-m": -1,
  "z027-a": 0.030000436723209598,
  "z028-n": 7,
  "z028-m": 3,
  "z028-a": -0.055916238858656424,
  "z029-n": 7,
  "z029-m": -3,
  "z029-a": 0.0030617367459794312,
  "z030-n": 7,
  "z030-m": 5,
  "z030-a": 0.0514253904143625,
  "z031-n": 7,
  "z031-m": -5,
  "z031-a": -0.022168202920633706,
  "z032-n": 7,
  "z032-m": 7,
  "z032-a": 0.04412773136384693,
  "z033-n": 7,
  "z033-m": -7,
  "z033-a": 0.03447815721119908
}