{
  "title": "Zernike polynomials",
  "N-polys": 33,
  "z001-n": 2,
  "z001-m": 0,
  "z001-a": 0.027999999999999997,
  "z002-n": 2,
  "z002-m": 2,
  "z002-a": 0.017935922238174532,
  "z003-n": 2,
  "z003-m": -2,
  "z003-a": -0.021501225394524752,
  "z004-n": 3,
  "z004-m": 1,
  "z004-a": 0.014630592638027583,
  "z005-n": 3,
  "z005-m": -1,
  "z005-a": -0.05405502528960737,
  "z006-n": 3,
  "z006-m": 3,
  "z006-a": 0.03217195814603097,
  "z007-n": 3,
  "z007-m": -3,
  "z007-a": -0.04583628594301714,
  "z008-n": 4,
  "z008-m": 0,
  "z008-a": 0.027999999999999997,
  "z009-n": 4,
  "z009-m": 2,
  "z009-a": 0.02335411460948559,
  "z010-n": 4,
  "z010-m": -2,
  "z010-a": -0.015446207651297828,
  "z011-n": 4,
  "z011-m": 4,
  "z011-a": 0.006408611840577919,
  "z012-n": 4,
  "z012-m": -4,
  "z012-a": 0.027256736676953906,
  "z013-n": 5,
  "z013-m": 1,
  "z013-a": 0.043461396169938334,
  "z014-n": 5,
  "z014-m": -1,
  "z014-a": 0.03531440276940372,
  "z015-n": 5,
  "z015-m": 3,
  "z015-a": 0.009130919122627224,
  "z016-n": 5,
  "z016-m": -3,
  "z016-a": 0.05525057751712682,
  "z017-n": 5,
  "z017-m": 5,
  "z017-a": 0.04830409919095961,
  "z018-n": 5,
  "z018-m": -5,
  "z018-a": -0.028332207844605654,
  "z019-n": 6,
  "z019-m": 0,
  "z019-a": 0.027999999999999997,
  "z020-n": 6,
  "z020-m": 2,
  "z020-a": -0.02539300604430116,
  "z021-n": 6,
  "z021-m": -2,
  "z021-a": 0.011798103408348505,
  "z022-n": 6,
  "z022-m": 4,
  "z022-a": -0.02759981659514207,
  "z023-n": 6,
  "z023-m": -4,
  "z023-a": -0.004717003700922901,
  "z024-n": 6,
  "z024-m": 6,
  "z024-a": -0.02570275461847553,
  "z025-n": 6,
  "z025-m": -6,
  "z025-a": 0.011107133069448424,
  "z026-n": 7,
  "z026-m": 1,
  "z026-a": -0.012666731012054639,
  "z027-n": 7,
  "z027-m": -1,
  "z027-a": -0.054548638163278214,
  "z028-n": 7,
  "z028-m": 3,
  "z028-a": -0.023696882850441445,
  "z029-n": 7,
  "z029-m": -3,
  "z029-a": -0.05073911452885686,
  "z030-n": 7,
  "z030-m": 5,
  "z030-a": 0.05492710817504767,
  "z031-n": 7,
  "z031-m": -5,
  "z031-a": 0.010909298214212052,
  "z032-n": 7,
  "z032-m": 7,
  "z032-a": 0.04257054882603032,
  "z033-n": 7,
  "z033-m": -7,
  "z033-a": -0.03638335296053084
}